{
    "Open": 293.049987793,
    "High": 293.8599853516,
    "Low": 286.3099975586,
    "Close": 287.9299926758,
    "Volume": 34223200,
    "Dividends": 0,
    "Stock Splits": 0
}