{
    "2022-02-18 00:00:00": {
        "Open": 293.04998779296875,
        "High": 293.8599853515625,
        "Low": 286.30999755859375,
        "Close": 287.92999267578125,
        "Volume": 34223200,
        "Dividends": 0.0,
        "Stock Splits": 0
    }
}