{
    "2022-02-18 00:00:00": {
        "Open": 886.0,
        "High": 886.8699951171875,
        "Low": 837.6099853515625,
        "Close": 856.97998046875,
        "Volume": 22710500,
        "Dividends": 0,
        "Stock Splits": 0
    }
}