{
    "Open": 886.0,
    "High": 886.8699951172,
    "Low": 837.6099853516,
    "Close": 856.9799804688,
    "Volume": 22710500,
    "Dividends": 0,
    "Stock Splits": 0
}